{
  "hash": "7061df45",
  "configHash": "a5dbab87",
  "lockfileHash": "52472e8a",
  "browserHash": "71d6e53a",
  "optimized": {
    "@angular-architects/ngrx-toolkit": {
      "src": "../../../../../../node_modules/@angular-architects/ngrx-toolkit/fesm2022/angular-architects-ngrx-toolkit.mjs",
      "file": "@angular-architects_ngrx-toolkit.js",
      "fileHash": "4bbf549b",
      "needsInterop": false
    },
    "@angular/common": {
      "src": "../../../../../../node_modules/@angular/common/fesm2022/common.mjs",
      "file": "@angular_common.js",
      "fileHash": "96d93afc",
      "needsInterop": false
    },
    "@angular/common/http": {
      "src": "../../../../../../node_modules/@angular/common/fesm2022/http.mjs",
      "file": "@angular_common_http.js",
      "fileHash": "6163fa09",
      "needsInterop": false
    },
    "@angular/common/locales/en": {
      "src": "../../../../../../node_modules/@angular/common/locales/en.mjs",
      "file": "@angular_common_locales_en.js",
      "fileHash": "7496c9eb",
      "needsInterop": false
    },
    "@angular/common/locales/es": {
      "src": "../../../../../../node_modules/@angular/common/locales/es.mjs",
      "file": "@angular_common_locales_es.js",
      "fileHash": "770b8393",
      "needsInterop": false
    },
    "@angular/core": {
      "src": "../../../../../../node_modules/@angular/core/fesm2022/core.mjs",
      "file": "@angular_core.js",
      "fileHash": "4e629ef2",
      "needsInterop": false
    },
    "@angular/core/rxjs-interop": {
      "src": "../../../../../../node_modules/@angular/core/fesm2022/rxjs-interop.mjs",
      "file": "@angular_core_rxjs-interop.js",
      "fileHash": "360c721b",
      "needsInterop": false
    },
    "@angular/forms": {
      "src": "../../../../../../node_modules/@angular/forms/fesm2022/forms.mjs",
      "file": "@angular_forms.js",
      "fileHash": "c53db15d",
      "needsInterop": false
    },
    "@angular/platform-browser": {
      "src": "../../../../../../node_modules/@angular/platform-browser/fesm2022/platform-browser.mjs",
      "file": "@angular_platform-browser.js",
      "fileHash": "ca8d6045",
      "needsInterop": false
    },
    "@angular/router": {
      "src": "../../../../../../node_modules/@angular/router/fesm2022/router.mjs",
      "file": "@angular_router.js",
      "fileHash": "cfdd38b8",
      "needsInterop": false
    },
    "@fancyapps/ui": {
      "src": "../../../../../../node_modules/@fancyapps/ui/dist/index.esm.js",
      "file": "@fancyapps_ui.js",
      "fileHash": "e5bb8596",
      "needsInterop": false
    },
    "@ng-bootstrap/ng-bootstrap": {
      "src": "../../../../../../node_modules/@ng-bootstrap/ng-bootstrap/fesm2022/ng-bootstrap.mjs",
      "file": "@ng-bootstrap_ng-bootstrap.js",
      "fileHash": "d72c267b",
      "needsInterop": false
    },
    "@ngrx/signals": {
      "src": "../../../../../../node_modules/@ngrx/signals/fesm2022/ngrx-signals.mjs",
      "file": "@ngrx_signals.js",
      "fileHash": "2a02cf32",
      "needsInterop": false
    },
    "@ngrx/signals/entities": {
      "src": "../../../../../../node_modules/@ngrx/signals/fesm2022/ngrx-signals-entities.mjs",
      "file": "@ngrx_signals_entities.js",
      "fileHash": "cbacbe31",
      "needsInterop": false
    },
    "@ngx-translate/core": {
      "src": "../../../../../../node_modules/@ngx-translate/core/fesm2022/ngx-translate-core.mjs",
      "file": "@ngx-translate_core.js",
      "fileHash": "5d07c7a2",
      "needsInterop": false
    },
    "rxjs": {
      "src": "../../../../../../node_modules/rxjs/dist/esm5/index.js",
      "file": "rxjs.js",
      "fileHash": "27da4fc6",
      "needsInterop": false
    },
    "swiper": {
      "src": "../../../../../../node_modules/swiper/swiper.mjs",
      "file": "swiper.js",
      "fileHash": "2c2e4498",
      "needsInterop": false
    },
    "swiper/element": {
      "src": "../../../../../../node_modules/swiper/swiper-element.mjs",
      "file": "swiper_element.js",
      "fileHash": "9c0dfcb6",
      "needsInterop": false
    },
    "swiper/modules": {
      "src": "../../../../../../node_modules/swiper/modules/index.mjs",
      "file": "swiper_modules.js",
      "fileHash": "56749a5c",
      "needsInterop": false
    }
  },
  "chunks": {
    "chunk-GZALUTLL": {
      "file": "chunk-GZALUTLL.js"
    },
    "chunk-B4BLUBMO": {
      "file": "chunk-B4BLUBMO.js"
    },
    "chunk-HFSQS4LJ": {
      "file": "chunk-HFSQS4LJ.js"
    },
    "chunk-R3UQ7QWU": {
      "file": "chunk-R3UQ7QWU.js"
    },
    "chunk-RPVLQRPU": {
      "file": "chunk-RPVLQRPU.js"
    },
    "chunk-GFBRMLZA": {
      "file": "chunk-GFBRMLZA.js"
    },
    "chunk-KKV5J6BX": {
      "file": "chunk-KKV5J6BX.js"
    },
    "chunk-ILTEWMXY": {
      "file": "chunk-ILTEWMXY.js"
    },
    "chunk-WXJALMVD": {
      "file": "chunk-WXJALMVD.js"
    },
    "chunk-U62FLTWO": {
      "file": "chunk-U62FLTWO.js"
    },
    "chunk-P6U2JBMQ": {
      "file": "chunk-P6U2JBMQ.js"
    },
    "chunk-WDMUDEB6": {
      "file": "chunk-WDMUDEB6.js"
    }
  }
}